id,screen_name,name,date_created,botornot_rt,bot
885076216184803328,ValGamble5,Val Gamble,2018-12-17 12:29:34.404666,0.9178878139616656,0
1073914793499611137,AdamantBlazeRoy,Michael Roytenberg,2018-12-17 12:29:34.404891,0.28621206238390096,0
917095392814227456,Mooshymie_,D'ontSplat,2018-12-17 12:29:34.404955,0.7405291005715704,0
1074748073107120128,s4s7VRdoR1dGpKV,‡∏™‡πà‡∏á‡∏ï‡πà‡∏≠‡∏ö‡∏±‡∏ï‡∏£‡∏Ç‡∏≠‡∏Ñ‡∏ô‡∏£‡∏±‡∏ö‡∏£‡∏≤‡∏Ñ‡∏≤‡πÑ‡∏î‡πâ,2018-12-17 12:29:34.405084,0.9178878139616656,0
3226775802,FenWang2,Fen Wang,2018-12-17 12:29:34.405118,0.8794616900661685,0
949011816620814336,karna0133,Karna0133@gmail.com,2018-12-17 12:29:34.405214,0.9736247158244454,1
1074429851225022464,Christi95074947,Christine Grace,2018-12-17 12:29:34.405311,0.9448325758058531,0
1074305130323795969,changparagamac,Changparagamac,2018-12-17 12:29:34.405375,0.9298669453061029,0
994175239,abilateefah,ABIOLA ADAMSON,2018-12-17 12:29:34.405407,0.7064204238004218,0
1284323935,CaitlynAllen3,cait,2018-12-17 12:29:34.405439,0.05333128056896264,0
1074017477561061383,montazer_zoohur,ÿπŸÑ€å,2018-12-17 12:29:34.405478,0.7238002465135849,0
1074747433333219328,procarbufi,procarbufi,2018-12-17 12:29:34.405512,0.43492803442932104,0
755607724780556288,Br0no__Rgb,Mÿ≠mD Rÿ¨B ~,2018-12-17 12:29:34.405669,0.5061919589474342,0
887169972396597249,MigsM116,Miguel Martinez,2018-12-17 12:29:34.405765,0.9040736566800007,0
343198249,KtakaMadtiger,È´òÂ±± Âπ∏‰∏â,2018-12-17 12:29:34.405903,0.7866262980972412,0
1074747739077050370,EmmaGraceSmile2,Emma Grace Smiley,2018-12-17 12:29:34.405930,0.8882184952163719,0
993812911758884864,Jamaika3451,kogoya wone eke pegaok,2018-12-17 12:29:34.405959,0.8794616900661685,0
1002605178112086017,RobinWaal1,RobinWaal,2018-12-17 12:29:34.405987,0.5487020083865324,0
885898768872333315,sshulkin_03,Alexander Shulkin,2018-12-17 12:29:34.406080,0.8701191997119831,0
144321971,SuSaadi,Su Saadi,2018-12-17 12:29:34.406135,0.14589765727494236,0
4875219821,c2a84af55683419,Nader Magdy,2018-12-17 12:29:34.406188,0.4848645828256039,0
1061849568558661632,kinleyy2002,mckinley,2018-12-17 12:29:34.406221,0.10827700665723966,0
1016354783542689792,hellohakjo,hellohakjo,2018-12-17 12:29:34.406249,0.9632891569033074,1
3008283989,rw0073,rw1973,2018-12-17 12:29:34.406271,0.826453203646374,0
310678825,CoryZeidman,Cory Zeidman,2018-12-17 12:29:34.406286,0.10030935716061677,0
4185005181,djack_targus,Djack TarGus,2018-12-17 12:29:34.406300,0.7719542327261165,0
2647475682,AmadiCeejay,Amadi Chijioke,2018-12-17 12:29:34.406453,0.46359219069702307,0
949762877962928128,ksrikanth_rao,Srikanth Kommuri,2018-12-17 12:29:34.406516,0.7866262980972412,0
973423200,elinalevaniemi,Elina Lev√§niemi,2018-12-17 12:29:34.406738,0.9713426487044083,1
1073039733809471488,SchvindMario,Mario Schvind,2018-12-17 12:29:34.406776,0.7866262980972412,0
1073278514881851392,Andrs15358496,Andr√†s,2018-12-17 12:29:34.406813,0.9352316115657808,0
897919861,gogmamago47,cecelia williams,2018-12-17 12:29:34.406840,0.9178878139616656,0
828747417231179776,loveskaleb,Kathy Freeland,2018-12-17 12:29:34.406975,0.9298669453061029,0
1060626046817579008,ErfourthMark,Mark Erfourth,2018-12-17 12:29:34.407040,0.8601677371481485,0
1002597345253609473,C42901246,C,2018-12-17 12:29:34.407109,0.44245148142042123,0
1047553333567864833,UtSalar,Salar_ut,2018-12-17 12:29:34.407145,0.6310548366819692,0
1074737769065238528,AllyLee00396427,Ally Lee,2018-12-17 12:29:34.407179,0.5905129273413294,0
1074747446339792897,11236Momo,momo_11236@gmail.com,2018-12-17 12:29:34.407207,0.9448325758058531,0
882591555348987904,_CarlosHCL_,NexusGaming,2018-12-17 12:29:34.407244,0.32230602190830704,0
877673265459810305,official_kall,sahhhboiikal,2018-12-17 12:29:34.407276,0.06263387811083082,0
1074746402398445568,Steven34855155,Steven,2018-12-17 12:29:34.407306,0.9298669453061029,0
1401053132,akfilson,Amy,2018-12-17 12:29:34.407377,0.9240939964164224,0
575835366,Gregoryst_r,Gregory St. romain,2018-12-17 12:29:34.407404,0.6884177623265628,0
997448359647555585,ThomLeeHenley,TLHenley,2018-12-17 12:29:34.407441,0.6506901031179089,0
1074428545701740544,DoubleJ66934845,DoubleJay,2018-12-17 12:29:34.407542,0.9402123048447205,0
859846128799449092,KitIsGr8,kit kittherin,2018-12-17 12:29:34.407747,0.09286695366967546,0
1074746610981134338,JFootmasage,Jonesbbq&footmasage,2018-12-17 12:29:34.407778,0.9840241809031413,1
1074747002418806785,ciprian_joshua,JoshuaCiprian,2018-12-17 12:29:34.407794,0.9853116521210984,1
1290168462,Shrlyjr,Shirley Moujouros,2018-12-17 12:29:34.407886,0.9112229533096339,0
3220791684,frun69,Fun run,2018-12-17 12:29:34.407920,0.6109757209767682,0
1074747097595822080,vqun95147487,v≈© qu√¢n,2018-12-17 12:29:34.407992,0.9840241809031413,1
1046761736878149634,M4x1B0rraj0,Maxi,2018-12-17 12:29:34.408032,0.20742796687543463,0
2787855042,Amr1234510,amr ,2018-12-17 12:29:34.408071,0.10827700665723966,0
762412505557823488,Rocksummit0454,Rocksummit,2018-12-17 12:29:34.408155,0.6884177623265628,0
1074702996628537344,21BRC1,21BRC,2018-12-17 12:29:34.408612,0.6506901031179089,0
784068820201648129,reinaaaarroyo,Reina,2018-12-17 12:29:34.408739,0.1807672693005155,0
327483200,ErenBaykald,eren baykaldƒ±,2018-12-17 12:29:34.408776,0.9736247158244454,1
1050412209367633921,Alex15137933,Alex,2018-12-17 12:29:34.408798,0.9794591788597505,1
2413127760,callinmrsmith,Craig,2018-12-17 12:29:34.408835,0.9040736566800007,0
1074745478791733252,martines_farin,angel martines fari√±,2018-12-17 12:29:34.408892,0.9470261822603973,0
1074067095757807616,anotherparadice,Anotherparadice@gmail.com,2018-12-17 12:29:34.409050,0.9555609444966139,1
1562860310,Milbridge,Nancy Cunliffe,2018-12-17 12:29:34.409064,0.9853116521210984,1
2334513890,rbyusmith,Ron Smith,2018-12-17 12:29:34.409079,0.7719542327261165,0
926460519996784640,JayendraGam,Jayendra shankar gambhe,2018-12-17 12:29:34.409115,0.8701191997119831,0
961647321586061313,ekinoks08,ekinoks,2018-12-17 12:29:34.409138,0.6884177623265628,0
248608203,cwhat82,Clare Whatley üíó,2018-12-17 12:29:34.409175,0.23688377651035014,0
1074643796841893888,mohamad39317674,mohamad.mostafa,2018-12-17 12:29:34.409296,0.9530817363696625,1
68327034,marypichardo,Marycarmen  Pichardo,2018-12-17 12:29:34.409424,0.6109757209767682,0
1069280233,kalonjipapy5,Kalonji Papy,2018-12-17 12:29:34.409612,0.8794616900661685,0
1050123707174260736,nevr0tik,nevrotik,2018-12-17 12:29:34.409672,0.28621206238390096,0
89291907,sinoblogger,Stefan Tauchhammer,2018-12-17 12:29:34.409781,0.5061919589474342,0
329183068,80_tiago,Tiago_Afk,2018-12-17 12:29:34.409874,0.16847316644464133,0
388151105,cbaro88,Craig Barrowman,2018-12-17 12:29:34.409927,0.6506901031179089,0
92187654,DanTheMan8831,Dan Lugo,2018-12-17 12:29:34.410004,0.10827700665723966,0
1063153371849334784,aboali78785140,aboali,2018-12-17 12:29:34.410088,0.9178878139616656,0
2258888185,goldcnu,srinu.juturi,2018-12-17 12:29:34.410151,0.9470261822603973,0
1074745903850971137,EstefanyCruzad2,Estefany Cruzado,2018-12-17 12:29:34.410198,0.7405291005715704,0
1039123288474222592,JenniMart6,Jenni Mart,2018-12-17 12:29:34.410234,0.9688694437075864,1
817544678161555457,temuujin0222,Temuujin,2018-12-17 12:29:34.410252,0.7719542327261165,0
924665487203733506,Abdullahemrani,Abdullah Ali,2018-12-17 12:29:34.410290,0.9632891569033074,1
271676833,mbenite2,Mariana Benitez,2018-12-17 12:29:34.410349,0.8495856011768973,0
1074283610579050496,j0seF75,Jose,2018-12-17 12:29:34.410572,0.9352316115657808,0
3044258643,olha_os_deuses,V I N I,2018-12-17 12:29:34.410586,0.8601677371481485,0
925822273629585409,TaharOlei,Hassane Ole√Ø Tahar,2018-12-17 12:29:34.410614,0.9352316115657808,0
92577177,rossnicholl,Ross Nicholl,2018-12-17 12:29:34.410673,0.6109757209767682,0
1727170472,JoseyLeho,josey leho,2018-12-17 12:29:34.410754,0.5487020083865324,0
153873863,Psmplaywright,psmac,2018-12-17 12:29:34.410774,0.40086139116347386,0
1074690033687412737,blondeboujee2,blonde&boujee,2018-12-17 12:29:35.608302,0.8601677371481485,0
975436553479651328,MatovuKitunzi,Matovu Kitunzi,2018-12-17 12:29:35.608321,0.05780718298413593,0
160395770,saurinshah9,Saurin Shah,2018-12-17 12:29:35.608336,0.9040736566800007,0
2934976138,SPeyravan,Sascha Peyravan,2018-12-17 12:29:35.608351,0.9713426487044083,1
588566213,alvesteffern,Nicole Alvesteffer,2018-12-17 12:29:35.608367,0.9448325758058531,0
2288534143,drgule,Hasan G√ºle√ß,2018-12-17 12:29:35.608388,0.8138717339737572,0
114009059,Findike,Findike,2018-12-17 12:29:35.608470,0.36065190656573104,0
2370929682,foukmeleif,Naseem,2018-12-17 12:29:35.608485,0.8701191997119831,0
2811507267,Billyone9D,Bilyaminu d sulaiman,2018-12-17 12:29:35.608499,0.9794591788597505,1
1054606006909464576,Pyaephyopaings2,Pyaephyopaingshin,2018-12-17 12:29:35.608527,0.8495856011768973,0
1035682674705395713,TurnXGames1,TurnX Games,2018-12-17 12:29:35.608645,0.23688377651035014,0
1074745834036699137,corjiavabpi,corjiavabpi,2018-12-17 12:29:35.608697,0.43492803442932104,0
1074737422406180864,fgvBdePmCVodf8Y,–∏–º–∞–º,2018-12-17 12:29:35.608757,0.7818133437894508,0
1034429647239499778,cheriseasamu,cheriseasamu,2018-12-17 12:29:35.608788,0.2691022464970497,0
4876034686,MichasTrader,Michas,2018-12-17 12:29:35.608867,0.9491151251673986,0
712238570,cwd865,Calvin Dan,2018-12-17 12:29:35.608904,0.9864967914296349,1
1065497079735353344,DildarDiwani,D√Ældar,2018-12-17 12:29:35.608956,0.46359219069702307,0
90662594,KnickerbockerK,Kolby Knickerbocker,2018-12-17 12:29:35.609037,0.8882184952163719,0
1074746017428451328,Drake8710,Drake87,2018-12-17 12:29:35.609154,0.5487020083865324,0
1060932556852477952,9aqehDXBbVynYtX,ÿ≠ÿ≥ŸäŸÜüíô,2018-12-17 12:29:35.609214,0.25265321740844954,0
1074744400104706048,DavidTenaa,David T,2018-12-17 12:29:35.609281,0.44245148142042123,0
882825766609858564,Usman97758,Muhammad Usman,2018-12-17 12:29:35.609305,0.9040736566800007,0
92590193,onehandservice,Robert Hutsch,2018-12-17 12:29:35.609370,0.8601677371481485,0
989092103627124737,AlmostLorelai,Lorelai Vennard,2018-12-17 12:29:35.609385,0.9298669453061029,0
1024676621758939137,DonPaolo14,Don Paolo,2018-12-17 12:29:35.609482,0.8601677371481485,0
1074216634238337024,Ryanna97,Mimi,2018-12-17 12:29:35.609500,0.7405291005715704,0
603795548,electro_tr,Turgay G√úNE≈û,2018-12-17 12:29:35.609544,0.1167953743919475,0
1073904331898974209,Oliver89477719,OC_boi,2018-12-17 12:29:35.609626,0.9713426487044083,1
769919165721374720,charlotteeb3,Charlotte Brighton,2018-12-17 12:29:35.609692,0.12588928944948308,0
1074743904925306880,MichaK65941469,Micha≈Ç K.,2018-12-17 12:29:35.609730,0.9757295961173048,1
397474036,WardenLuke,luke warden,2018-12-17 12:29:35.609880,0.7719542327261165,0
915228562415869955,LukeMax2004,Luke_Max,2018-12-17 12:29:35.609937,0.8383531326036774,0
1074734618505400323,NinosOfficial,OfficialLosNi√±osHeroes,2018-12-17 12:29:35.609993,0.8601677371481485,0
995006924608430080,Kayla95783955,Kayla,2018-12-17 12:29:35.610018,0.966190224001528,1
3031675391,brammer_ben,Ben Brammer,2018-12-17 12:29:35.610039,0.8794616900661685,0
1071873175611424768,BanJupiter,Ban Jupiter,2018-12-17 12:29:35.610089,0.9688694437075864,1
187524062,KatsuyaMaejima,ÂâçÂ≥∂ÂãùÂº•,2018-12-17 12:29:35.610213,0.7866262980972412,0
1014988951390769152,simoesbea1,:p,2018-12-17 12:29:35.610398,0.36065190656573104,0
121227772,henkkalehtomaki,Henri Lehtom√§ki,2018-12-17 12:29:35.610438,0.8495856011768973,0
893003218032185344,Nick_Jay_R,Nick Jr Ngene,2018-12-17 12:29:35.610537,0.12588928944948308,0
1022770748761538560,AdeelaTarar,Adeela Tarar,2018-12-17 12:29:35.610674,0.22180647190550215,0
1058095755913760768,Pfvg2,Pfvg,2018-12-17 12:29:35.610751,0.8005982245473489,0
1074744824283217920,spinecfoepho,spinecfoepho,2018-12-17 12:29:35.610865,0.45600327289891435,0
131079503,rickylai33081,rickylai33081,2018-12-17 12:29:35.610885,0.8794616900661685,0
1074743948277661696,MarkJuliet6,Mark Juliet,2018-12-17 12:29:35.610943,0.9640853986415696,1
895332000231333890,Jamesfuvky,Ê°åÂ≠êÁà∏Áà∏,2018-12-17 12:29:35.610976,0.9688694437075864,1
3259875659,NinaBellaria,Nina,2018-12-17 12:29:35.611036,0.9794591788597505,1
1071830132040454144,shohel54321,mdsohelbhuyan132gmail.com Shohel54321,2018-12-17 12:29:35.611160,0.8138717339737572,0
1074486948331433985,Pat82455749,Pat,2018-12-17 12:29:35.611177,0.8138717339737572,0
1064513547324047360,AslantasTayyip,Tayyip Aslanta≈ü,2018-12-17 12:29:35.611212,0.25265321740844954,0
30288313,Gr8nrgee,Franco Benvenuti,2018-12-17 12:29:35.611246,0.8138717339737572,0
1014597109071294464,GopalPa16351856,Gopal Pandey,2018-12-17 12:29:35.611272,0.7565854729457974,0
146066394,omarbco,Omar Colin,2018-12-17 12:29:35.611314,0.5274968237537414,0
2877878174,pas0mas0,„ÇÇ„ÇÇ,2018-12-17 12:29:35.611360,0.04918384795249982,0
848010612575784962,apachestray,cocker spaniard,2018-12-17 12:29:35.611407,0.05780718298413593,0
3298536613,jesslenny01,Jessica blanc ,2018-12-17 12:29:35.611421,0.5697317833219949,0
1074745096262877185,ryno71111592,MrRightForReal,2018-12-17 12:29:35.611483,0.7565854729457974,0
2321721464,YourDeanC21,Dean Miller,2018-12-17 12:29:35.611508,0.9112229533096339,0
1058101054510907392,MikeOgar12,Mike Ogar,2018-12-17 12:29:35.611590,0.9448325758058531,0
1074744096319725568,jormartar,jormartar,2018-12-17 12:29:35.611682,0.9840241809031413,1
1074743478955864064,lambertmonroe11,lambertmonroe,2018-12-17 12:29:35.611804,0.9826258494473956,1
1074745172347510789,Ron46325044,Ron,2018-12-17 12:29:35.611824,0.8138717339737572,0
1074744718670606337,BrandonBernsti1,Brandon Bernstine,2018-12-17 12:29:35.611861,0.9713426487044083,1
1074744462994272259,McSlippy,OldManMcSlippy,2018-12-17 12:29:35.611896,0.9730713397592965,1
3130842485,ugzz10,Kane,2018-12-17 12:29:35.611950,0.19374947883382485,0
758338180496125952,literofcola92,Chris Guarneri,2018-12-17 12:29:35.611984,0.05780718298413593,0
120528078,elcharles_,J Carlos Moreno,2018-12-17 12:29:35.612087,0.6109757209767682,0
4091489374,evilangel919,kimberly graham,2018-12-17 12:29:35.612139,0.9632891569033074,1
963133654716375040,pFphXpB0kncTbQU,ÿßŸÜÿßŸÅÿ≠ŸÑ ŸÅŸä ÿµŸÜÿπÿßÿ°,2018-12-17 12:29:35.612294,0.9178878139616656,0
4778514987,keepercharl11,Keepercharl1,2018-12-17 12:29:35.612460,0.7405291005715704,0
1016447632296873985,Melvinjesus22,Melvin De Jesus,2018-12-17 12:29:35.612488,0.9491151251673986,0
364642299,alexpaez11,Alexander Paez,2018-12-17 12:29:35.612593,0.960149429127191,1
1074744508095582210,Christy58835193,Christy,2018-12-17 12:29:35.612628,0.8701191997119831,0
348809842,fabuloso_47,HECTOR,2018-12-17 12:29:35.612685,0.7405291005715704,0
1071494407512182784,cedric35698145,cedric,2018-12-17 12:29:35.612721,0.9530817363696625,1
1069031673935945729,Zakyzak15377088,Zaky_zaky,2018-12-17 12:29:35.612915,0.9178878139616656,0
875283486,brandontravis,Brandon Travis,2018-12-17 12:29:35.612971,0.08592399976334196,0
1074742958963023872,CelalAl92495404,Celal Alkan,2018-12-17 12:29:35.613061,0.9875875115922786,1
1074744405112832000,Masqulol1,Masqu√© lol,2018-12-17 12:29:35.613151,0.9491151251673986,0
1022865119859142656,jaodageba,Jaodageba,2018-12-17 12:29:35.613205,0.9352316115657808,0
1029826331071205378,SGusst,sfc dave gusst,2018-12-17 12:29:35.613264,0.8701191997119831,0
1074741817378250754,ButuAbdullahi,Abdullahi M Butu,2018-12-17 12:29:35.613295,0.9794591788597505,1
4716605773,v9_miguel,Miguel #UpTheAnte,2018-12-17 12:29:35.613391,0.40086139116347386,0
1074744461824065538,bfergusonnurse1,bferguson@nurse.tv,2018-12-17 12:29:35.613482,0.9840241809031413,1
1073660372295532544,XabaKhaya,Khaya Xaba,2018-12-17 12:29:35.613511,0.9298669453061029,0
360787240,OsteenDodie,Dodie Osteen,2018-12-17 12:29:35.613545,0.20742796687543463,0
1074744495420395522,cockerbartlett1,cockerbartlett,2018-12-17 12:29:35.613563,0.9567532288569174,1
1064818164,Brickster24,PeppermintPATty,2018-12-17 12:29:35.613598,0.03546593341354506,0
2387001416,Avulzed,Luis Menjivar,2018-12-17 12:29:35.613697,0.6884177623265628,0
1041653419319078913,RyanHat75625184,Ryan Hatfield,2018-12-17 12:29:35.613735,0.8601677371481485,0
985630444489240576,forest62191425,forest,2018-12-17 12:29:35.613795,0.9713426487044083,1
876578582511964160,MatiFG96,Matias Fernandez,2018-12-17 12:29:35.613911,0.25265321740844954,0
1074634734448328705,Sameer00396644,Sameer,2018-12-17 12:29:35.613967,0.8495856011768973,0
1074743384055734284,CroissantCarl,Carl_loves_croissant,2018-12-17 12:29:35.614059,0.9776703489269076,1
1074414594397999105,TawFrancis,francis tawiah,2018-12-17 12:29:35.614096,0.8005982245473489,0
2951584517,dggarcias00,Diogo Garcias,2018-12-17 12:29:35.614183,0.1167953743919475,0
1074744544082780162,Hallow63914752,Hallow,2018-12-17 12:29:36.459097,0.6745277480514565,0
1406718907,thomasresendiz,Thomas Resendiz,2018-12-17 12:29:36.459134,0.9402123048447205,0
2846085658,prcarlosdantas,Pastor Carlos Dantas,2018-12-17 12:29:36.459151,0.8383531326036774,0
4704991136,momojay35,paranoid manüá∏üá≥üá∏üá≥üá∏üá≥,2018-12-17 12:29:36.459240,0.14589765727494236,0
3903403295,AlessiaRos14,Alessia,2018-12-17 12:29:36.459264,0.5487020083865324,0
3141886715,MahmouSewar,sewarmahmou,2018-12-17 12:29:36.459280,0.960149429127191,1
1071814519566020608,jctyler11,jctyler1,2018-12-17 12:29:36.459294,0.7064204238004218,0
2716842641,haileeryannn,hailee gornichec,2018-12-17 12:29:36.459308,0.09286695366967546,0
1061274454863634432,Beachbum0551,Beachbum@055,2018-12-17 12:29:36.459322,0.8005982245473489,0
1270545631,ali80nena,ali mukadam,2018-12-17 12:29:36.459346,0.8383531326036774,0
2290884566,nononoelle1,nononoelle,2018-12-17 12:29:36.459441,0.7405291005715704,0
401615696,yanmazetin,yanmaz √ßetin,2018-12-17 12:29:36.459479,0.960149429127191,1
1071287386221375488,Beaver60124968,Beaver,2018-12-17 12:29:36.459558,0.826453203646374,0
934052719421284353,saeidmuds,SAEID,2018-12-17 12:29:36.459599,0.1807672693005155,0
2432753886,Grizzlyseye,Daniel Girouard,2018-12-17 12:29:36.459775,0.28621206238390096,0
945098779929190401,eljefe24285852,el jefe,2018-12-17 12:29:36.459813,0.8495856011768973,0
869328139138281472,VictoriaArzame2,Victoria Arzamendia,2018-12-17 12:29:36.459912,0.9352316115657808,0
1074532557386117120,alexandresima18,alexandre simard,2018-12-17 12:29:36.459970,0.9040736566800007,0
761928411220680704,Emrahcingoz81g1,Emrahcingoz81gmail,2018-12-17 12:29:36.460064,0.7238002465135849,0
972683423046340608,Tammymichelejo1,Tammy michele johnson,2018-12-17 12:29:36.460089,0.7866262980972412,0
880849008318722050,EkhlasHamidreza,Ekhlas Hamidreza,2018-12-17 12:29:36.460192,0.8344132986249644,0
520761255,jgomana,Analu,2018-12-17 12:29:36.460278,0.8138717339737572,0
1067332036153757696,QQuomestero,Qu√∏mester√∏-Leg√•cy,2018-12-17 12:29:36.460333,0.9352316115657808,0
1074743510425849856,FarrisAce,Ace Farris,2018-12-17 12:29:36.460377,0.9240939964164224,0
1074640069783363584,JdeGeus4,J. de Geus,2018-12-17 12:29:36.460411,0.9530817363696625,1
507904346,Noodleboy101,Nathan Thorp,2018-12-17 12:29:36.460476,0.8005982245473489,0
396107750,hgoutareddy,Hari Goutareddy,2018-12-17 12:29:36.460565,0.9178878139616656,0
1074743283161710592,CHANTALFASANEL1,CHANTAL FASANELLA,2018-12-17 12:29:36.460660,0.9112229533096339,0
900303506606743552,AntonMeyerink,Anton Meyerink,2018-12-17 12:29:36.460785,0.3412193545017134,0
3267585270,KingJarobe,King Jarobe,2018-12-17 12:29:36.460844,0.46359219069702307,0
1074738710342758401,EmmmRoddd,EmmmRoddd,2018-12-17 12:29:36.461078,0.9767197060852978,1
826063378657529857,rohit_gopale,Rohit Gopale,2018-12-17 12:29:36.461123,0.9448325758058531,0
1074743582618255360,Roshan26307348,Roshan,2018-12-17 12:29:36.461140,0.9112229533096339,0
1014633495279423488,CodyGeerdes,Cody Geerdes,2018-12-17 12:29:36.461162,0.1807672693005155,0
2395252198,NicoleFlamisch,Nicole Ortega Flamisch,2018-12-17 12:29:36.461203,0.9178878139616656,0
3319389313,michael37776711,NMD_mike,2018-12-17 12:29:36.461302,0.1167953743919475,0
1033390495702151168,SamirYare6,Samir Yare,2018-12-17 12:29:36.461318,0.9875875115922786,1
466245942,OlgaMangutova,Olga Man,2018-12-17 12:29:36.461426,0.9632891569033074,1
1074479170590265344,ugurtaskopru651,ugurtaskopru65,2018-12-17 12:29:36.461523,0.9402123048447205,0
1074743268829736960,HabibecheElee,Elee Habibeche,2018-12-17 12:29:36.461548,0.8601677371481485,0
1061114815328935936,DrCommonSensei,Dr. Common Sensei,2018-12-17 12:29:36.461729,0.3412193545017134,0
1021913879234990080,onikama05384751,ONIKA,2018-12-17 12:29:36.461768,0.7405291005715704,0
1074743064189489152,JetGuy8,Jet Guy,2018-12-17 12:29:36.461879,0.8138717339737572,0
1413205405,khalil123ahmed,Khalil Ahmed Baloch,2018-12-17 12:29:36.461913,0.9875875115922786,1
1060417156159025152,baguamanc,Bryan Guaman,2018-12-17 12:29:36.461949,0.7405291005715704,0
2286590631,LarsJust,Lars Just,2018-12-17 12:29:36.462007,0.7064204238004218,0
4449327819,vickigriffey1,Vicki Reinhardt,2018-12-17 12:29:36.462098,0.9040736566800007,0
1074742943272132608,Zacuk1,Zacuk,2018-12-17 12:29:36.462217,0.8794616900661685,0
2971200630,IshJaime,jaime :),2018-12-17 12:29:36.462249,0.28621206238390096,0
1057597914762174464,juliebo46871090,julie bolton,2018-12-17 12:29:36.462307,0.966190224001528,1
1036059078697598976,AlwaysThinkPos3,Always Think Positive,2018-12-17 12:29:36.462342,0.8964140695210783,0
385264287,BeanTownRaised,God is a Fraud,2018-12-17 12:29:36.462374,0.1807672693005155,0
1010914228360892418,Gianniso1,Zah,2018-12-17 12:29:36.462413,0.5697317833219949,0
879947320829325312,VanshBajaj14,Vansh Bajaj,2018-12-17 12:29:36.462446,0.9040736566800007,0
1074740599994109956,ArthurMantoan1,ArthurMantoanOfficial,2018-12-17 12:29:36.462484,0.9240939964164224,0
912501275832483840,Brandon61940,Brandon Emanuel,2018-12-17 12:29:36.462523,0.7565854729457974,0
1070535291809685504,Brandon14473948,Brandon,2018-12-17 12:29:36.462637,0.9793742858064175,1
1044490888557268993,InwokLimited,Inwok investment limited,2018-12-17 12:29:36.462695,0.1167953743919475,0
1020250977180450816,abasamtexas,Abasamtexas,2018-12-17 12:29:36.462731,0.6884177623265628,0
878605593690333184,hafatomas,eyi leche,2018-12-17 12:29:36.462797,0.07945465272791494,0
912686019857780736,AnaMarisaLoure1,Ana  Loureiroüå∏,2018-12-17 12:29:36.462823,0.6506901031179089,0
1074667851049566208,blizz_sandra,Sandra Blizz,2018-12-17 12:29:36.462945,0.6698271269837389,0
4717202752,rockseecker9,–°—Ç–∞—Å—è–Ω–±,2018-12-17 12:29:36.462975,0.8794616900661685,0
4518093802,SamirHNeto,Mestre dos Magos,2018-12-17 12:29:36.463103,0.32230602190830704,0
84469670,DurenPharmacy,Jerry Duren,2018-12-17 12:29:36.463249,0.5905129273413294,0
1074734062605164544,D7TJ3PKN7eQES3i,ÿ≠ŸäÿØÿ± ÿßŸÑÿ≥ÿßÿ±Ÿä,2018-12-17 12:29:36.463288,0.8344132986249644,0
1074742910111887360,bradmaltwhinne,bradmaltwhinne,2018-12-17 12:29:36.463308,0.439773548987275,0
1074742483232403456,Roberto71425534,Roberto,2018-12-17 12:29:36.463399,0.826453203646374,0
1074742917292589061,JoanneMCocchio1,Joanne M Cocchiola,2018-12-17 12:29:36.463441,0.7866262980972412,0
240931450,Lewiskellya,Kelly,2018-12-17 12:29:36.463481,0.9112229533096339,0
1074711737105035265,horiMahato,Hori Mahato,2018-12-17 12:29:36.463535,0.9448325758058531,0
1049765207684370434,roni93437220,roni,2018-12-17 12:29:36.463574,0.42151725890598224,0
95865003,xingoxingo,Áî∞‰∏≠Â§™ÈÉé,2018-12-17 12:29:36.463686,0.5487020083865324,0
3234117125,D0r1an_m,Dorian,2018-12-17 12:29:36.463870,0.23688377651035014,0
1074742484910137344,SonnyHossam,Hossam El-Sonny,2018-12-17 12:29:36.463938,0.9567532288569174,1
30212117,sandylayne,sandy layne,2018-12-17 12:29:36.463994,0.46359219069702307,0
3041518841,Sparkzybec,Clement k.emi becky,2018-12-17 12:29:36.464020,0.968000022925431,1
871323542754930688,HamaLeo3,Hama Leo,2018-12-17 12:29:36.464054,0.9112229533096339,0
704521050713923585,jordi0813,Jordi,2018-12-17 12:29:36.464086,0.2691022464970497,0
187550980,DanielaBozzelli,Daniela Bozzelli,2018-12-17 12:29:36.464113,0.7866262980972412,0
704178434658795521,SidneyPress,Jim Jims,2018-12-17 12:29:36.464147,0.12588928944948308,0
108921861,kaviyarasuceg,kaviyarasu N,2018-12-17 12:29:36.464205,0.7866262980972412,0
933403827193221120,RoweOfficial,Brittany Kendall,2018-12-17 12:29:36.464256,0.9776703489269076,1
844584663037480960,JackFurlong3,Jack Furlong,2018-12-17 12:29:36.464330,0.04178983547133819,0
744584209927376900,Kyle_Sting,Kyle R.J. Oosting,2018-12-17 12:29:36.464348,0.9040736566800007,0
1062070639790559235,simon_pako,Pako Jens,2018-12-17 12:29:36.464408,0.966190224001528,1
302806166,wittskaren,Karen,2018-12-17 12:29:36.464529,0.7719542327261165,0
1071865998091960320,supportstaffor1,support staffordshire,2018-12-17 12:29:36.464562,0.4848645828256039,0
1074742781497786369,GregBrand7,Greg Brand,2018-12-17 12:29:36.464624,0.9757295961173048,1
1074742495253123072,anthony_hoots,Anthony Hoots,2018-12-17 12:29:36.464658,0.9240939964164224,0
918172604988403718,kumar_ishver,Kumar Ishwer,2018-12-17 12:29:36.464719,0.22180647190550215,0
44072198,badi219,Petteri Tuuri,2018-12-17 12:29:36.464753,0.7238002465135849,0
2297337216,grind_24_7_365,Josh,2018-12-17 12:29:36.464945,0.8138717339737572,0
4776865216,theezonephilly,The Empowerment Zone,2018-12-17 12:29:36.464968,0.2691022464970497,0
1033526075698147330,pondo20032,pondo2003,2018-12-17 12:29:36.465036,0.8383531326036774,0
1069355087120736259,naveja_jovanni,JOVANNIü•∂üéÖüèΩ‚ùÑÔ∏è‚òÉÔ∏è,2018-12-17 12:29:36.465062,0.2691022464970497,0
796334023,socorro_leon,socorro jauregui,2018-12-17 12:29:36.465098,0.9352316115657808,0
1074741259137363969,WhoCorrielou,CorrieLou_Who?,2018-12-17 12:29:36.465194,0.8964140695210783,0
3885651737,funke_adetoye,Martins-adetoye Olufunke,2018-12-17 12:29:37.280598,0.9240939964164224,0
62956661,cpravinskas,Carolina Ravinskas,2018-12-17 12:29:37.280642,0.12588928944948308,0
838989353523126272,ResistanceVS,"V""The Resistance""S",2018-12-17 12:29:37.280669,0.10827700665723966,0
179313688,Taitos83,Nicol√°s del Canto,2018-12-17 12:29:37.280695,0.6506901031179089,0
450434055,jaredArtura,Jared Artura,2018-12-17 12:29:37.280724,0.7719542327261165,0
912922483023638530,Chrismor123689,Chrismorgan,2018-12-17 12:29:37.280738,0.9826258494473956,1
920655024249860096,trollacct,President Spiderman,2018-12-17 12:29:37.280752,0.10827700665723966,0
1056576939140530176,JoonaTuunanen,Joona Tuunanen,2018-12-17 12:29:37.280766,0.960149429127191,1
2918108113,LaddaSumit,SUMIT LADDA,2018-12-17 12:29:37.280794,0.8964140695210783,0
1074740552619282437,ReignLet,LetTruthReign,2018-12-17 12:29:37.280807,0.7866262980972412,0
1360798536,Wyatt_Griffith2,Wyatt Griffith,2018-12-17 12:29:37.280943,0.03265990956683609,0
1059326080270639104,JesusRu86278199,Jesus Ruiz,2018-12-17 12:29:37.280960,0.826453203646374,0
799334372625285120,PT_Dawson,Peter Dawson,2018-12-17 12:29:37.281051,0.045343501437382056,0
828051783889068032,wcamara37,Wizkid,2018-12-17 12:29:37.281110,0.9448325758058531,0
1068556018311942144,BerhanuNahu,nahu berhanu,2018-12-17 12:29:37.281174,0.8882184952163719,0
384184676,NamitDe,Namit De,2018-12-17 12:29:37.281273,0.16847316644464133,0
180504512,mpatrick45,"Mike Patrick, PhD",2018-12-17 12:29:37.281287,0.5487020083865324,0
812211224016551936,ScavenJahCSGO,Andreas Eriksson,2018-12-17 12:29:37.281307,0.14589765727494236,0
3825675437,izazazou66,ZaZouüå∏,2018-12-17 12:29:37.281348,0.23688377651035014,0
823194343099998208,Tscranton63,Theresa,2018-12-17 12:29:37.281401,0.8964140695210783,0
1074742239610503168,MAGAGirl11,MAGA Girl,2018-12-17 12:29:37.281438,0.9448325758058531,0
129824389,joethoden,Joe Thoden,2018-12-17 12:29:37.281477,0.9840241809031413,1
129971621,Charmaniacs,Charm Evangelista,2018-12-17 12:29:37.281532,0.05333128056896264,0
4081644484,AliTorkiha,ali torkiha,2018-12-17 12:29:37.281568,0.5274968237537414,0
735052592296775681,leo_pat1112,sam,2018-12-17 12:29:37.281586,0.9112229533096339,0
1055175764570750976,liberalismo_gal,Liberais Galegos,2018-12-17 12:29:37.281628,0.20742796687543463,0
4147178224,thats_it_leo,Leonides,2018-12-17 12:29:37.281683,0.8005982245473489,0
3395415322,ssebaggalagodie,ssebaggala godfrey,2018-12-17 12:29:37.281724,0.10827700665723966,0
930562561090768896,iilnlli,nadinüçá,2018-12-17 12:29:37.281761,0.32230602190830704,0
607076051,catherinebento,Catarina B,2018-12-17 12:29:37.281874,0.8138717339737572,0
1074742205556899845,MariaJO81996680,Maria JOSE,2018-12-17 12:29:37.281908,0.9298669453061029,0
1074741935447990273,ebrahim34699125,ebrahim,2018-12-17 12:29:37.281973,0.9491151251673986,0
1074741613312835584,TWil64,TommyWil64,2018-12-17 12:29:37.282161,0.7405291005715704,0
108225395,patil_2020,Amol Patil,2018-12-17 12:29:37.282178,0.8495856011768973,0
1073278664043843585,37lmiy,3maar 7lmiy,2018-12-17 12:29:37.282270,0.9688694437075864,1
2611584662,behzadzp,Behzad.Zarrinpoush,2018-12-17 12:29:37.282305,0.6884177623265628,0
1074741956247465985,Rebecca89658740,Rebecca Castro,2018-12-17 12:29:37.282330,0.9567532288569174,1
1074741739938664448,nguyenthanh982,Nguyen Thanh,2018-12-17 12:29:37.282362,0.9567532288569174,1
945666061235576832,SionFFA,Sion,2018-12-17 12:29:37.282383,0.8383531326036774,0
1074709545983737856,JustinB44822034,Justin Bieber,2018-12-17 12:29:37.282421,0.9632891569033074,1
938080065165889537,ni_cowboy,NICowboy,2018-12-17 12:29:37.282453,0.9688694437075864,1
1071155907453689858,JingSuarez2,J I N GüéÜüéà,2018-12-17 12:29:37.282509,0.826453203646374,0
1007414611354607616,wJ02IsSFC1A9QWz,„Åã„ÇÅ„Åæ„Çç,2018-12-17 12:29:37.282546,0.6109757209767682,0
577095579,Mohammadrazin,Razin Ahmad,2018-12-17 12:29:37.282603,0.9298669453061029,0
1020405075343302657,sehmuz47033127,≈üehmus,2018-12-17 12:29:37.282691,0.1807672693005155,0
831250176496984064,JosephKuhl1,Joseph Kuhl,2018-12-17 12:29:37.282746,0.16847316644464133,0
1074741781261111298,_EvandroGG,EvandroGG,2018-12-17 12:29:37.282887,0.876413780593151,0
814164242035310592,mosesmhlanga76,moses mhlanga mabhumbo,2018-12-17 12:29:37.282916,0.826453203646374,0
549129455,castmekelly,Kelly Keefe,2018-12-17 12:29:37.282972,0.8383531326036774,0
83117471,geoconsulter,geoconsulter,2018-12-17 12:29:37.283101,0.1167953743919475,0
1007297211472973824,GabiMarcinio,Gabi Marcinio,2018-12-17 12:29:37.283135,0.9840241809031413,1
985501707189747714,BobbyCl25010718,Bobby Clark,2018-12-17 12:29:37.283227,0.2691022464970497,0
2258779507,RogerWFenner,Roger Fenner,2018-12-17 12:29:37.283246,0.46359219069702307,0
1074737590140526593,Amber68972179,Amber,2018-12-17 12:29:37.283289,0.9112229533096339,0
17101011,edsonbrother,edsonbrother,2018-12-17 12:29:37.283317,0.8383531326036774,0
1074741640454000640,Joshua86482526,Joshua,2018-12-17 12:29:37.283369,0.9178878139616656,0
1048180590913232896,NoreddineHicham,Hicham Noreddine,2018-12-17 12:29:37.283416,0.9713426487044083,1
4908833694,georgiarive11,Georgia Rivers,2018-12-17 12:29:37.283459,0.40086139116347386,0
4242720826,ElkaremOmar,OM AR,2018-12-17 12:29:37.283544,0.8964140695210783,0
587940389,29rcnagy,Rosie Nagy,2018-12-17 12:29:37.283579,0.9402123048447205,0
841714670025162753,86Akuasan,„Éü„Éç„É©„É´„Ç¶„Ç©„Éº„Çø„ÉºAQUA,2018-12-17 12:29:37.283636,0.5697317833219949,0
765473183579254785,i__nokta,inokta,2018-12-17 12:29:37.283671,0.36065190656573104,0
1074741389391482881,Abdullahiwali6,Abdullahi wali,2018-12-17 12:29:37.283763,0.8701191997119831,0
311056573,Gracesteffy,Grecia Gonzalez,2018-12-17 12:29:37.283781,0.8882184952163719,0
1074740419743936514,Sohel75169200,Sohel,2018-12-17 12:29:37.283871,0.7565854729457974,0
826137952308908036,itdonotmattery,youngdaggerdick,2018-12-17 12:29:37.283912,0.12588928944948308,0
1039712855292043264,MBourdouz,mehdi bourdouz,2018-12-17 12:29:37.283950,0.9567532288569174,1
1691482268,ibrahimhamedal1,ibrahim hamed,2018-12-17 12:29:37.283970,0.7719542327261165,0
1074739755055833088,MphoGreen1,Mpho Green,2018-12-17 12:29:37.284006,0.8601677371481485,0
1061486011572731904,ittsss_yagirlC,Chasity,2018-12-17 12:29:37.284030,0.9178878139616656,0
554720565,happyharbors,happyharbors,2018-12-17 12:29:37.284164,0.9040736566800007,0
717103446315368449,a08correa3,Antonioalvisanti,2018-12-17 12:29:37.284192,0.9794591788597505,1
3193611299,ozzyisme69,Ozzy Aguilar,2018-12-17 12:29:37.284222,0.5697317833219949,0
328209553,jackm023,Jackson Morrison,2018-12-17 12:29:37.284275,0.7719542327261165,0
462705981,ReynieBar,ReyBar,2018-12-17 12:29:37.284310,0.5487020083865324,0
1074058542288654336,BeatsCharla,Charla Beats,2018-12-17 12:29:37.284408,0.9794591788597505,1
879722156011266048,anna_mustanski,Anna ‚õ∏,2018-12-17 12:29:37.284427,0.9402123048447205,0
1074612448970321925,ChrisGa78353453,Chris Garcia,2018-12-17 12:29:37.284443,0.9298669453061029,0
1074730390227705856,RoosJakobsen,sondre roos jakobsen,2018-12-17 12:29:37.284511,0.8964140695210783,0
534976573,Chapo_Cerrato,Cerrato,2018-12-17 12:29:37.284539,0.023437100509770627,0
1074740714054004739,dyurley23,Dyurley23ü§ó,2018-12-17 12:29:37.284574,0.9875875115922786,1
986429304870506498,Marj_Patterson,Marjorie Patterson,2018-12-17 12:29:37.284635,0.1167953743919475,0
1074741215311081472,petrichorante,petrichorante,2018-12-17 12:29:37.284814,0.7866262980972412,0
708700528,notawonk,jim,2018-12-17 12:29:37.284908,0.826453203646374,0
849447015218126848,d_james322,Dylan,2018-12-17 12:29:37.284968,0.038503444945083086,0
1072877893645189120,KylieJWilliams1,Kylie J.Williams,2018-12-17 12:29:37.285062,0.9530817363696625,1
20998650,grassblade,Clinton O' Leary,2018-12-17 12:29:37.285194,0.1807672693005155,0
1074738399364481024,MasindiMahosi,Mahosi Masindi,2018-12-17 12:29:37.285383,0.8701191997119831,0
1019318181637378048,JosGuadalupeO10,Jos√© Guadalupe Ordu√±a,2018-12-17 12:29:37.285420,0.960149429127191,1
766875065270935553,OkamiHato,TSOF_Okami ‚ìã,2018-12-17 12:29:37.285475,0.15685510336103622,0
945302447932821506,DizerOmer,√ñmer Ensar Dizer,2018-12-17 12:29:37.285500,0.4848645828256039,0
1074740815426191360,tyconsnismu,tyconsnismu,2018-12-17 12:29:37.285565,0.45600327289891435,0
1074651911998095360,amosdamiel,amosdamiel,2018-12-17 12:29:37.285687,0.966190224001528,1
2674721513,DaFrankOne,Frank Prince,2018-12-17 12:29:37.285775,0.9448325758058531,0
65040380,AZRAFF,SCOTT BENSON,2018-12-17 12:29:37.285809,0.8882184952163719,0
1055785476181950471,RayVela14,Ray Vela,2018-12-17 12:29:37.285826,0.6698271269837389,0
32476365,marci_mc,Marci McGregor,2018-12-17 12:29:37.285869,0.8964140695210783,0
1074739682162954241,ClaraWestcott,Clara Westcott,2018-12-17 12:29:37.285964,0.9040736566800007,0
848538299815919618,lxsa_marry,Lisa ‚ú®,2018-12-17 12:29:37.286002,0.9491151251673986,0
1073717624188604416,AndreMo77980559,Andre Moody,2018-12-17 12:29:37.286150,0.8495856011768973,0
3953184555,carlarusk,Basmore Riverrun,2018-12-17 12:29:37.286247,0.8701191997119831,0
1073768410989776896,r_neyland,Robert. R. Neyland,2018-12-17 12:29:37.286282,0.7719542327261165,0
1183193028,udayadampage,udaya dampage,2018-12-17 12:29:37.286305,0.5487020083865324,0
883586108,thomaswalencik,thomas walencik,2018-12-17 12:29:37.286341,0.380551857066998,0
1074740589290233859,WWojslawowicz,Wiktoria Wojslawowicz,2018-12-17 12:29:37.286425,0.7719542327261165,0
1056710381484339201,Florenc31367300,Florencia,2018-12-17 12:29:38.275407,0.9178878139616656,0
1073204565951029249,JosueMpila,Josu√© Mpila Ndongala,2018-12-17 12:29:38.275515,0.6506901031179089,0
4228415053,paulcolor1,paulalban,2018-12-17 12:29:38.275574,0.9240939964164224,0
1074739921959706625,Maks98703902,Maks,2018-12-17 12:29:38.275625,0.9794591788597505,1
382461083,mollyfbabyyy,Molly Brenno,2018-12-17 12:29:38.275719,0.23688377651035014,0
1072834823700537346,oQUJNZYEIeB6qVJ,–ù–∞—Å—Ç—ñ4–∫–∞,2018-12-17 12:29:38.275776,0.8495856011768973,0
2956997896,TaerieTangelo,Taerie Tangelo,2018-12-17 12:29:38.275802,0.06263387811083082,0
1074739899348045825,Alfia86367533,Alfia,2018-12-17 12:29:38.275871,0.9298669453061029,0
1074677665871945729,Nabilla21088968,Nabilla,2018-12-17 12:29:38.275950,0.8701191997119831,0
1074008822195372033,stefan_steindl,Stefan Steindl,2018-12-17 12:29:38.275977,0.7064204238004218,0
187255235,rgthomasxx,Rick Thomas,2018-12-17 12:29:38.276034,0.04918384795249982,0
1055755232846712833,matemba_maziko,Maziko Matemba,2018-12-17 12:29:38.276143,0.826453203646374,0
1074299904212783104,Dsan95341015,D√§san√Ø,2018-12-17 12:29:38.276253,0.8383531326036774,0
1074739447554564097,ZyKcf80jGGZdygN,ÿ£ÿ≠ŸÖÿØ ÿ¨ŸÖÿßŸÑ,2018-12-17 12:29:38.276283,0.9875875115922786,1
732575584799358976,IronboundFool16,IronboundFool15 üåê,2018-12-17 12:29:38.276349,0.9530817363696625,1
1030942217475637250,DowMansour,Mansour dow,2018-12-17 12:29:38.276415,0.7866262980972412,0
983236091724562432,Takuzhou00,Takudzwa Zhou,2018-12-17 12:29:38.276445,0.9632891569033074,1
1067668205974376449,DeepakR20241386,Deepak Rajput,2018-12-17 12:29:38.276474,0.9402123048447205,0
252759902,crockster10,Tom Crockett,2018-12-17 12:29:38.276501,0.8794616900661685,0
2169540197,laammiaa_32,Lolou,2018-12-17 12:29:38.276530,0.8383531326036774,0
915305049454125056,D_angerzone,Derrick Drolet,2018-12-17 12:29:38.276558,0.06263387811083082,0
136371204,rabbimay,Rabbi Meyer H. May,2018-12-17 12:29:38.276618,0.3039573320934062,0
949035911441940480,Jess92730815,Jes√∫s,2018-12-17 12:29:38.276782,0.7064204238004218,0
482612987,MRamadanElroubi,Mohamed Ramadan,2018-12-17 12:29:38.276886,0.6506901031179089,0
158029826,lucretaravilse,Lucrecia Taravilse,2018-12-17 12:29:38.276979,0.07945465272791494,0
50241437,philworthington,Phil Worthington,2018-12-17 12:29:38.277039,0.9352316115657808,0
1073854250214678528,AdelBesher3,Adel BesherüëΩ,2018-12-17 12:29:38.277067,0.9448325758058531,0
1037123493668827143,BenTroshynski,Ben Troshynski,2018-12-17 12:29:38.277127,0.9843560978325098,1
2183632508,mussecigg,Rasmus,2018-12-17 12:29:38.277157,0.7238002465135849,0
935564991826219010,Salisumusafaka2,Salisumusafakale,2018-12-17 12:29:38.277216,0.8794616900661685,0
836573979523547136,MateSangiuliano,Mateo Sangiuliano,2018-12-17 12:29:38.277270,0.960149429127191,1
1074490950297231363,BeachBodGod,Scotty Seifried,2018-12-17 12:29:38.277297,0.9448325758058531,0
1852012116,GachetteF,Watta üá®üá¨üá®üá©,2018-12-17 12:29:38.277401,0.22180647190550215,0
958589514661990401,HambreKissmet,KissmetHambre,2018-12-17 12:29:38.277449,0.5905129273413294,0
1069649364832972800,Jake22334377,Jake,2018-12-17 12:29:38.277472,0.8601677371481485,0
506869568,PfeilScott,Scott Pfeil,2018-12-17 12:29:38.277544,0.12588928944948308,0
1074739913092780033,RaviLam00086456,Ravi Lamba,2018-12-17 12:29:38.277568,0.9840241809031413,1
928744074273837064,birkanland,birkan manisalƒ±,2018-12-17 12:29:38.277592,0.6884177623265628,0
19313302,Osel,Oscar Escobedo,2018-12-17 12:29:38.277664,0.8005982245473489,0
966649009178906625,Destiny_Of_Fate,DestinyOfFate,2018-12-17 12:29:38.277772,0.6109757209767682,0
1074735982816174080,LindaBr72457905,Linda Bragg,2018-12-17 12:29:38.277795,0.9757295961173048,1
1073714126436724736,AlW79641086,Al W,2018-12-17 12:29:38.277917,0.9178878139616656,0
3334776849,TAHER_ABUZEID22,TAHER ABUZEID,2018-12-17 12:29:38.277962,0.9757295961173048,1
2437339925,FGreatti,Franco Greatti,2018-12-17 12:29:38.278055,0.9240939964164224,0
2875740118,lucialaurarossi,Lucia,2018-12-17 12:29:38.278078,0.9757295961173048,1
2795730473,adhunt12,Andrew Hunt,2018-12-17 12:29:38.278250,0.23688377651035014,0
1074343501893124096,DeborahHanley11,Deborah Hanley,2018-12-17 12:29:38.278264,0.9853116521210984,1
1074738202454286336,KendraS91258661,Kendra Smith,2018-12-17 12:29:38.278288,0.9840241809031413,1
906662277616730118,Joe14051954gma1,Joe14051954@gmail.co,2018-12-17 12:29:38.278312,0.42151725890598224,0
1074464168416301056,hMdbrhm15,√Äh M √âd √çbr√†h√≠m,2018-12-17 12:29:38.278366,0.8005982245473489,0
1074738549872844801,NoN3GP0UKXbNYbC,ŸÖÿµÿ±,2018-12-17 12:29:38.278584,0.9470261822603973,0
3031080149,djsabat_sajid,sajid,2018-12-17 12:29:38.278612,0.7565854729457974,0
813755926943592453,Stephen91221739,Stephen Abraham,2018-12-17 12:29:38.278693,0.9688694437075864,1
1034854242366963712,13walts,13walts,2018-12-17 12:29:38.278709,0.1167953743919475,0
1074737955170869249,fortnitepro23,fortnitepro2:)),2018-12-17 12:29:38.278731,0.9298669453061029,0
382312113,kan_ya_makan,ÿ≤ŸäÿØ,2018-12-17 12:29:38.278842,0.32230602190830704,0
98641982,DaddyNiblet,Alexander Heavens,2018-12-17 12:29:38.278871,0.7238002465135849,0
1074735726489714689,Allie16883363,Allie,2018-12-17 12:29:38.278899,0.9352316115657808,0
1052322937322303488,lvaroBv1,√Ålvaro_Bv,2018-12-17 12:29:38.278944,0.5487020083865324,0
411754302,samerghassan,mohd samer,2018-12-17 12:29:38.279055,0.7064204238004218,0
4184339703,kvncgec,kƒ±van√ß ge√ß,2018-12-17 12:29:38.279166,0.9112229533096339,0
1584062264,PxZer0,Steve,2018-12-17 12:29:38.279182,0.8601677371481485,0
1074739568044335109,GregorCraig2,gregsy_743,2018-12-17 12:29:38.279238,0.9794591788597505,1
1074739452243820545,Yasinba77333325,Yasin balcƒ±,2018-12-17 12:29:38.279400,0.7064204238004218,0
551342542,solomonsami1,solomon sami,2018-12-17 12:29:38.279463,0.9713426487044083,1
1074734592727441408,youfanny1,you fanny,2018-12-17 12:29:38.279523,0.9757295961173048,1
60202829,corrie_sim,corrie simmons,2018-12-17 12:29:38.279558,0.12588928944948308,0
1073762410224324609,Christi95810527,Christian,2018-12-17 12:29:38.279594,0.8601677371481485,0
848159863091933187,ava_ngoepe,Ngoepe Ava,2018-12-17 12:29:38.279659,0.3412193545017134,0
1074737739680112640,Mahmoud60806323,Mahmoud Ahmed,2018-12-17 12:29:38.279759,0.9875875115922786,1
3301886412,JasonOKennedy2,Jason O'Kennedy,2018-12-17 12:29:38.279775,0.7719542327261165,0
1536770521,Solenngs,Solennüå∏,2018-12-17 12:29:38.279817,0.9448325758058531,0
1074731277448855554,iamawaislatif,awaislatif,2018-12-17 12:29:38.279916,0.9240939964164224,0
1072320023899852806,LooserLyon,Nick Lyon,2018-12-17 12:29:38.279959,0.826453203646374,0
1073669451894194177,MauvaisOeil1,Mauvais Oeil,2018-12-17 12:29:38.279980,0.7238002465135849,0
1055105491335086081,girardincaroli2,@girardincaroli1,2018-12-17 12:29:38.280016,0.380551857066998,0
1051520409089269762,rai_amoeri,Amoeri Rai,2018-12-17 12:29:38.280056,0.9298669453061029,0
937349419132956672,jabirismail9,Jabir Ismail,2018-12-17 12:29:38.280075,0.9567532288569174,1
1060172402884173824,LemonHuy,Huy Lemon,2018-12-17 12:29:38.280165,0.9811074746959428,1
1039081841574195200,LeventC26306704,√ßem√© ze,2018-12-17 12:29:38.280202,0.14589765727494236,0
839491245537902593,saaddin99,ÿ≥ÿπŸàÿØŸä ŸÅŸàŸÜ (ÿßŸÑŸÉÿ™ŸÑŸàŸÜŸä),2018-12-17 12:29:38.280258,0.7719542327261165,0
803260558908813313,JulianMark9,Juli Marküíô,2018-12-17 12:29:38.280294,0.9688694437075864,1
1050745827487113217,CobbahValentino,Valentino Cobbah,2018-12-17 12:29:38.280333,0.9112229533096339,0
345392201,Vinicius_Waite,Vinicius Waite,2018-12-17 12:29:38.280386,0.9178878139616656,0
2885985162,mohmaed_barhmh,hoode,2018-12-17 12:29:38.280443,0.380551857066998,0
1217323166,revellbrandon0,Brandon51,2018-12-17 12:29:38.280477,0.964768448976527,1
1390457713,G021087,Giang Le,2018-12-17 12:29:38.280537,0.7238002465135849,0
364039053,jrguillen5,juan guillen,2018-12-17 12:29:38.280569,0.05333128056896264,0
1074723208836902917,kMhK7hQqs99B2HP,Ê±§Ê±§,2018-12-17 12:29:38.280597,0.6506901031179089,0
1072456324502482945,SakaJame,Jame Saka,2018-12-17 12:29:38.280633,0.9853116521210984,1
1055504219799728128,MassartEmilien,ore wa killua desu,2018-12-17 12:29:38.280762,0.23688377651035014,0
1074720743877881856,wuj12580930,wuj,2018-12-17 12:29:38.280820,0.8882184952163719,0
1074737445244149760,omeryousufosma1,omer yousuf osman,2018-12-17 12:29:38.280879,0.966190224001528,1
1073333766079332352,Tolga68217928,Tolga,2018-12-17 12:29:38.280913,0.9794591788597505,1
1071073003360927745,BoydMumba,Boyd Kampamba Mumba,2018-12-17 12:29:38.280946,0.9749080510667766,1
332975178,Edward_kg,edward S,2018-12-17 12:29:38.280972,0.8882184952163719,0
1074738128181780482,BoMorgan13,Bo Morgan,2018-12-17 12:29:38.281007,0.9776703489269076,1
2253869043,yogeshjalgaonka,yogesh jalgaonkar,2018-12-17 12:29:38.281160,0.8495856011768973,0
1074731170028552192,Ouzhann66337981,Oƒüuzhan √únal,2018-12-17 12:29:38.281194,0.8495856011768973,0
